File,Size_KB,Avg_Enc_Time_ms,Avg_Dec_Time_ms,Avg_Auth_Time_ms,Avg_Memory_KB
message_100KB.txt,100.0,31233.22799995852,31133.79076658748,30652.801666719217,48.0
message_10KB.txt,10.0,2912.5680667348206,3089.249400033926,3060.2775666241846,29.333333333333332
message_150KB.txt,150.0,47084.571566665545,55748.31213344199,55714.67773336917,-1520.0
message_200KB.txt,200.0,61183.34240000695,60092.81506668776,58708.157599981256,-161.33333333333334
message_50KB.txt,50.0,14179.847933274383,13936.493433313444,13917.834699930003,-46.666666666666664
